plots,Toy Story
"When siblings Judy and Peter discover an enchanted board game that opens the door to a magical world, they unwittingly invite Alan -- an adult who's been trapped inside the game for 26 years -- into their living room. Alan's only hope for freedom is to finish the game, which proves risky as all three find themselves running from giant rhinoceroses, evil monkeys and other terrifying creatures.",Jumanji
"A family wedding reignites the ancient feud between next-door neighbors and fishing buddies John and Max. Meanwhile, a sultry Italian divorcée opens a restaurant at the local bait shop, alarming the locals who worry she'll scare the fish away. But she's less interested in seafood than she is in cooking up a hot time with Max.",Grumpier Old Men
"Cheated on, mistreated and stepped on, the women are holding their breath, waiting for the elusive ""good man"" to break a string of less-than-stellar lovers. Friends and confidants Vannah, Bernie, Glo and Robin talk it all out, determined to find a better way to breathe.",Waiting to Exhale
"Just when George Banks has recovered from his daughter's wedding, he receives the news that she's pregnant ... and that George's wife, Nina, is expecting too. He was planning on selling their home, but that's a plan that -- like George -- will have to change with the arrival of both a grandchild and a kid of his own.",Father of the Bride Part II
"Reynolds plays an ex-soldier-of-fortunish character in Vegas, taking ""Chaperone"" jobs, fighting with the mob, and trying to get enough money together to move to Venice, Italy.",Heat
"Linus and David Larrabee are the two sons of a very wealthy family. Linus is all work -- busily running the family corporate empire, he has no time for a wife and family. David is all play -- technically he is employed by the family business, but never shows up for work, spends all his time entertaining, and has been married and divorced three times. Meanwhile, Sabrina Fairchild is the young, shy, and awkward daughter of the household chauffeur, who has been infatuated with David all her life, but David hardly notices her -- ""doesn't even know I exist"" -- until she goes away to Paris for two years, and returns an elegant, sophisticated, beautiful woman. Suddenly, she finds that she has captured David's attention, but just as she does so, she finds herself falling in love with Linus, and she finds that Linus is also falling in love with her.",Sabrina
"A mischievous young boy, Tom Sawyer, witnesses a murder by the deadly Injun Joe. Tom becomes friends with Huckleberry Finn, a boy with no future and no family. Tom has to choose between honoring a friendship or honoring an oath because the town alcoholic is accused of the murder. Tom and Huck go through several adventures trying to retrieve evidence.",Tom and Huck
"International action superstar Jean Claude Van Damme teams with Powers Boothe in a Tension-packed, suspense thriller, set against the back-drop of a Stanley Cup game.Van Damme portrays a father whose daughter is suddenly taken during a championship hockey game. With the captors demanding a billion dollars by game's end, Van Damme frantically sets a plan in motion to rescue his daughter and abort an impending explosion before the final buzzer...",Sudden Death
James Bond must unmask the mysterious head of the Janus Syndicate and prevent the leader from utilizing the GoldenEye weapons system to inflict devastating revenge on Britain.,GoldenEye
"Widowed U.S. president Andrew Shepherd, one of the world's most powerful men, can have anything he wants -- and what he covets most is Sydney Ellen Wade, a Washington lobbyist. But Shepherd's attempts at courting her spark wild rumors and decimate his approval ratings.",The American President
"When a lawyer shows up at the vampire's doorstep, he falls prey to his charms and joins him in his search for fresh blood. Enter Dr. van Helsing, who may be the only one able to vanquish the count.",Dracula: Dead and Loving It
"An outcast half-wolf risks his life to prevent a deadly epidemic from ravaging Nome, Alaska.",Balto
"An all-star cast powers this epic look at American President Richard M. Nixon, a man carrying the fate of the world on his shoulders while battling the self-destructive demands within. Spanning his troubled boyhood in California to the shocking Watergate scandal that would end his presidency.",Nixon
"Morgan Adams and her slave, William Shaw, are on a quest to recover the three portions of a treasure map. Unfortunately, the final portion is held by her murderous uncle, Dawg. Her crew is skeptical of her leadership abilities, so she must complete her quest before they mutiny against her. This is made yet more difficult by the efforts of the British crown to end her pirate raids.",Cutthroat Island
The life of the gambling paradise – Las Vegas – and its dark mafia underbelly.,Casino
Adaptation of the Jane Austen novel.,Sense and Sensibility
It's Ted the Bellhop's first night on the job...and the hotel's very unusual guests are about to place him in some outrageous predicaments. It seems that this evening's room service is serving up one unbelievable happening after another.,Four Rooms
"Summoned from an ashram in Tibet, Ace finds himself on a perilous journey into the jungles of Africa to find Shikaka, the missing sacred animal of the friendly Wachati tribe. He must accomplish this before the wedding of the Wachati's Princess to the prince of the warrior Wachootoos. If Ace fails, the result will be a vicious tribal war.",Ace Ventura: When Nature Calls
"A vengeful New York transit cop decides to steal a trainload of subway fares; his foster brother, a fellow cop, tries to protect him.",Money Train
"Chili Palmer is a Miami mobster who gets sent by his boss, the psychopathic ""Bones"" Barboni, to collect a bad debt from Harry Zimm, a Hollywood producer who specializes in cheesy horror films. When Chili meets Harry's leading lady, the romantic sparks fly. After pitching his own life story as a movie idea, Chili learns that being a mobster and being a Hollywood producer really aren't all that different.",Get Shorty
An agoraphobic psychologist and a female detective must work together to take down a serial killer who copies serial killers from the past.,Copycat
"Assassin Robert Rath arrives at a funeral to kill a prominent mobster, only to witness a rival hired gun complete the job for him -- with grisly results. Horrified by the murder of innocent bystanders, Rath decides to take one last job and then return to civilian life. But finding his way out of the world of contract killing grows ever more dangerous as Rath falls for his female target and becomes a marked man himself.",Assassins
"Harassed by classmates who won't accept his shocking appearance, a shy young man known as ""Powder"" struggles to fit in. But the cruel taunts stop when Powder displays a mysterious power that allows him to do incredible things. This phenomenon changes the lives of all those around him in ways they never could have imagined.",Powder
"Ben Sanderson, an alcoholic Hollywood screenwriter who lost everything because of his drinking, arrives in Las Vegas to drink himself to death. There, he meets and forms an uneasy friendship and non-interference pact with prostitute Sera.",Leaving Las Vegas
"Iago and a comrade-in-arms are outside the Venice home of Desdemona's father, who does not yet know that she has eloped with Othello. Iago confides to his friend -- who had hoped to marry Desdemona -- that he serves Othello to further his own ends. Venice needs Othello to protect its commercial interests in Cyprus where the Turkish fleet is headed. Desdemona insists on going to Cyprus, too. In Cyprus, Iago plots to convince Othello that Desdemona has betrayed him with Cassio. A lot more than political ambition seems to be motivating Iago.",Othello
"Waxing nostalgic about the bittersweet passage from childhood to puberty in this tender coming-of-age tale, four childhood girlfriends -- Teeny, Chrissy, Samantha and Roberta -- recall the magical summer of 1970. During their walk down memory lane, they reconcile experiences with boys, secrets, bullies and more.",Now and Then
Adaptation of the Jane Austen novel.,Persuasion
"A scientist in a surrealist society kidnaps children to steal their dreams, hoping that they slow his aging process.",La Cité des Enfants Perdus
A provincial boy related to a Shanghai crime family is recruited by his uncle into cosmopolitan Shanghai in the 1930s to be a servant to a ganglord's mistress.,摇啊摇，摇到外婆桥
"Former Marine Louanne Johnson lands a gig teaching in a pilot program for bright but underachieving teens at a notorious inner-city high school. After having a terrible first day, she decides she must throw decorum to the wind. When Johnson returns to the classroom, she does so armed with a no-nonsense attitude informed by her military training and a fearless determination to better the lives of her students -- no matter what the cost.",Dangerous Minds
"In the year 2035, convict James Cole reluctantly volunteers to be sent back in time to discover the origin of a deadly virus that wiped out nearly all of the earth's population and forced the survivors into underground communities. But when Cole is mistakenly sent to 1990 instead of 1996, he's arrested and locked up in a mental hospital. There he meets psychiatrist Dr. Kathryn Railly, and patient Jeffrey Goines, the son of a famous virus expert, who may hold the key to the mysterious rogue group, the Army of the 12 Monkeys, thought to be responsible for unleashing the killer disease.",Twelve Monkeys
,"Guillaumet, les ailes du courage"
"Babe is a little pig who doesn't quite know his place in the world. With a bunch of odd friends, like Ferdinand the duck who thinks he is a rooster and Fly the dog he calls mom, Babe realizes that he has the makings to become the greatest sheep pig of all time, and Farmer Hogget knows it. With the help of the sheep dogs Babe learns that a pig can be anything that he wants to be.",Babe
"The story of the relationship between painter Dora Carrington and author Lytton Strachey in a World War One England of cottages and countryside. Although platonic due to Strachey's homosexuality, the relationship was nevertheless a deep and complicated one. When Carrington did develop a more physical relationship with soldier Ralph Partridge, Strachey was able to welcome him as a friend, although Partridge remained somewhat uneasy, not so much with Strachey's lifestyle and sexual orientation as with the fact that he was a conscientious objector.",Carrington
A justice drama based on a true story about a man on death row who in his last days forms a strong relationship with a nun who teaches him forgiveness and gives him spirituality as she accompanies him to his execution. Susan Sarandon won an Oscar for best female actress for her convincing portrayal of Sister Helen Prejean.,Dead Man Walking
"A young Russian boy, Thomas Minton, travels to New York as a passenger on a Russian freighter. Close to Ellis Island he gets off and thus starts his journey to America the same way as all immigrants in former times. Thomas is searching for the family of one of his ancestors, who had emigrated decades ago, but once sent a letter home together with a sample of his new profession: 3D-Photography. The boy follows his relative's traces by counter-checking the old 3D-Photographs of New York (using an antique viewer) with the same places and how they look today. This way, the audience gets to see the Big Apple in former times as well as today.",Across the Sea of Time
"Travis is due to marry Stephanie in a few days when he is convinced by beautiful saleswoman Jonni to buy a fancy sports car. The car looks good, but it turns out to be a piece of junk. Travis is determined to get satisfaction and he and Jonni hit the road to confront the crooked car dealer.",It Takes Two
"Shallow, rich and socially successful Cher is at the top of her Beverly Hills high school's pecking scale. Seeing herself as a matchmaker, Cher first coaxes two teachers into dating each other. Emboldened by her success, she decides to give hopelessly klutzy new student Tai a makeover. When Tai becomes more popular than she is, Cher realizes that her disapproving ex-stepbrother was right about how misguided she was -- and falls for him.",Clueless
"In the back country of South Africa, black minister Stephen Kumalo (Canada Lee) journeys to the city to search for his missing son, only to find his people living in squalor and his son a criminal. Reverend Misimangu (Sidney Poitier) is a young South African clergyman who helps find his missing son-turned-thief and sister-turned-prostitute in the slums of Johannesburg.","Cry, the Beloved Country"
"Shakespeare's tragedy of the hump-backed Duke of Gloucester, who rises to the throne of England by chicanery, treachery, and brilliance, only to find that his own methods have prepared the groundwork for his downfall.",Richard III
"Depicts a heist of old bills, retired from circulation and destined by the government to be ""money to burn"". However, more broadly, it addresses the issues of Black Americans' involvement in the Vietnam War and their subsequent disillusionment with progress in social issues and civil rights back home in the United States, during the 1960s.",Dead Presidents
"During home renovations, a young couple release a fiery spirit seeking retribution. To save themselves and set the spirit free, they must uncover the dire truth. But nothing is as simple as it seems...",Restoration
"For nine generations an evil sorcerer has been victorious in hand-to-hand battle against his mortal enemies. If he wins a tenth Mortal Kombat tournament, desolation and evil will reign over the multiverse forever. To save Earth, three warriors must overcome seemingly insurmountable odds, their own inner demons, and superhuman foes in this action/adventure movie based on one of the most popular video games of all time.",Mortal Kombat
"Susan wants to work in television and will therefore do anything it takes, even if it means killing her husband. A very dark comedy from independent director Gus Van Sant with a brilliant Nicole Kidman in the leading role.",To Die For
"Soon-to-be-wed graduate student Finn Dodd develops cold feet when she suspects her fiancé is cheating on her. In order to clear her head, Finn visits her grandmother, Hy, and great aunt, Glady Joe Cleary, in Grasse, Calif. There, Finn learns that Hy and Glady Joe are members of a group of passionate quilters, and over the course of her visit she is regaled with tales of love and life by women who have collected rich experiences and much wisdom.",How To Make An American Quilt
"Two homicide detectives are on a desperate hunt for a serial killer whose crimes are based on the ""seven deadly sins"" in this dark and haunting film that takes viewers from the tortured remains of one victim to the next. The seasoned Det. Sommerset researches each sin in an effort to get inside the killer's mind, while his novice partner, Mills, scoffs at his efforts to unravel the case.",Se7en
"History comes gloriously to life in Disney's epic animated tale about love and adventure in the New World. Pocahontas is a Native American woman whose father has arranged for her to marry her village's best warrior. But a vision tells her change is coming, and soon she comes face to face with it in the form of Capt. John Smith.",Pocahontas
"A prudish woman, working on tenure as a literacy professor at a large urban university, finds herself strangely attracted to a free-spirited, liberal woman whom works at a local carnival which comes to town.",When Night Is Falling
"Held in an L.A. interrogation room, Verbal Kint attempts to convince the feds that a mythic crime lord, Keyser Soze, not only exists, but was also responsible for drawing him and his four partners into a multi-million dollar heist that ended with an explosion in San Pedro harbor – leaving few survivors. Verbal lures his interrogators with an incredible story of the crime lord's almost supernatural prowess.",The Usual Suspects
"Detective - turned - bodyguard Cynthia McKay (Cynthia Rothrock) is hired by a psychotic icy seductress, Nina Lindell (Lydie Denier), the same woman who killed Mckay's lover months earlier.  With vendetta in her heart McKay accompanies the flamboyantly playful womanizer through the glamourous world of the super-rich as his protector.  In a unique role reversal, it is the woman protecting the man from another woman, erupting into a deadly triangle of passion, suspense and action.",Guardian Angel
"When Lenny and his wife, Amanda, adopt a baby, Lenny realizes that his son is a genius and becomes obsessed with finding the boy's biological mother in hopes that she will be brilliant too. But when he learns that Max's mother is Linda Ash, a kindhearted prostitute and porn star, Lenny is determined to reform her immoral lifestyle. A Greek chorus chimes in to relate the plot to Greek mythology in this quirky comedy.",Mighty Aphrodite
"Lamerica is a cinematic documentary that takes the viewer on a journey across the States, with portraits of salt of the earth Americans and chromatic landscapes, through 16mm frames evocative of postcards from the road.",Lamerica
"In a depressed Texas town, British foreign exchange teacher Anna attempts to inject some life into her hopeless kids by introducing them to soccer. They're terrible at first, but Anna and her football-hero assistant whip them into shape. As they work overtime, the pair help kids build their self-esteem and also get involved in solving family squabbles.",The Big Green
"Sadie looks up to her older sister Georgia, a successful folk singer who's happily married with children, but can't break out of the bar-band circuit and hit the big time she desperately covets. It's in part due to her attraction to drugs and booze, and also to her own unwise choice in men. Finally, though, Sadie's Achilles heel is a rough, unlovely voice very different than her sister's crowd-pleasing singing.",Georgia
"Set in modern times, Alex finds King Arthur's sword Excalibur and must prove himself worthy of it.",Kids of the Round Table
"An ailing man summons his four daughters home for Christmas and asks them to kill his new wife, who he suspects is poisoning him.",Home for the Holidays
Simple Italian postman learns to love poetry while delivering mail to a famous poet; he uses this to woo local beauty Beatrice.,Il postino
"The year is 1952, in Quebec City. Rachel (16), unmarried and pregnant, works in the church. Filled with shame, she unburdens her guilt to a young priest, under the confidentiality of the confessional. In the present year of 1989, Pierre Lamontagne has returned to Quebec to attend his father's funeral. He meets up with his adopted brother, Marc, who has begun questioning his identity and has embarked on a quest for his roots that would lead them to the Quebec of the 1950s. Past and present converge in a complex web of intrigue where the answer to the mystery lies.",Le confessionnal
A nine-year-old boy gets a plastic Indian and a cupboard for his birthday and finds himself involved in adventure when the Indian comes to life and befriends him.,The Indian in the Cupboard
"It's fire and brimstone time as grieving mother Karen McCann takes justice into her own hands when a kangaroo court in Los Angeles fails to convict Robert Doob, the monster who raped and murdered her 17-year-old daughter.",Eye for an Eye
"In 1965, passionate musician Glenn Holland takes a day job as a high school music teacher, convinced it's just a small obstacle on the road to his true calling: writing a historic opus. As the decades roll by with the composition unwritten but generations of students inspired through his teaching, Holland must redefine his life's purpose.",Mr. Holland's Opus
"When Ashtray (Shawn Wayans) moves to South Central L.A. to live with his father (who appears to be the same age he is) and grandmother (who likes to talk tough and smoke reefer), he falls in with his gang-banging cousin Loc Dog (Marlon Wayans), who along with the requisite pistols and Uzi carries a thermo-nuclear warhead for self-defense. Will Ashtray be able to keep living the straight life?",Don't Be a Menace to South Central While Drinking Your Juice in the Hood
"Frank O'Brien, a petty thief, and his 7-year-long girlfriend Roz want to put an end to their unsteady lifestyle and just do that last job, which involves stealing a valuable painting. Frank takes Roz to an island on the coast of New England, where he wants to sell the painting and also hopes that their sagging relationship will get a positive push back up. Not everything goes as planned.",Two If by Sea
"Bud and Doyle are two losers who are doing nothing with their lives. Both of their girlfriends are actively involved in saving the environment, but the two friends couldn't care less about saving the Earth. One day, when a group of scientists begin a mission to live inside a ""Bio-Dome"" for a year without outside contact, Bud and Doyle mistakenly become part of the project themselves.",Bio-Dome
"Jobe is resuscitated by Jonathan Walker. He wants Jobe to create a special computer chip that would connect all the computers in the world into one network, which Walker would control and use. But what Walker doesn't realize is a group of teenage hackers are on to him and out to stop his plan.",Lawnmower Man 2: Beyond Cyberspace
"It's a hot summer day in 1933 in South Philly, where 12-year old Gennaro lives with his widowed mom and his ailing grandpa, who sits outside holding tight to his last quarter, which he's promised to Gennaro and which Gennaro would like to have to buy a ticket to the plush new movie theater. But grandpa's not ready to pass on the quarter or pass on to his final reward: he has some unfinished business with a woman from his past, and he enlists Gennaro to act as his emissary.",Two Bits
"After learning of her husband's infidelities, a housewife invites an itinerant lesbian to move in with them. None of their lives will ever be the same again.",Gazon maudit
"Craig and Smokey are two guys in Los Angeles hanging out on their porch on a Friday afternoon, smoking and drinking, looking for something to do.",Friday
"Seth Gecko and his younger brother Richard are on the run after a bloody bank robbery in Texas. They escape across the border into Mexico and will be home-free the next morning, when they pay off the local kingpin. They just have to survive 'from dusk till dawn' at the rendezvous point, which turns out to be a Hell of a strip joint.",From Dusk Till Dawn
"A young woman running a wildlife sanctuary in the Australian outback is in for trouble when she is confronted by three kangaroo hunters. Bored with killing kangaroos, they decide to kill the animals in the sanctuary, and when they see how attractive the owner is, they decide to have a little ""fun"" with her, too. Turns out that they may get a bit more ""fun"" than they bargained for.",Fair Game
"After college graduation, Grover's girlfriend Jane tells him she's moving to Prague to study writing. Grover declines to accompany her, deciding instead to move in with several friends, all of whom can't quite work up the inertia to escape their university's pull. Nobody wants to make any big decisions that would radically alter his life, yet none of them wants to end up like Chet, the professional student who tends bar and is in his tenth year of university studies.",Kicking and Screaming
"In France during World War II, a poor and illiterate man, Henri Fortin (Jean-Paul Belmondo), is introduced to Victor Hugo's classic novel Les Misérables and begins to see parallels between the book and his own life.",Les misérables
A girl from the wrong side of the tracks is torn between true love and a life of sin.,Bed of Roses
"A writer returns to his hometown where he faces the childhood nemesis whose life he ultimately ruined, only the bully wants to relive their painful past by torturing him once again.",Big Bully
Internationally known director Carla Garapedian follows the rock band System of a Down as they tour Europe and the US pointing out the horrors of modern genocide that began in Armenia in 1915 up though Darfur today.,Screamers
"A look into the many lives of Christa Päffgen, otherwise known as Nico; from cutie German mädchen to the first of the supermodels, to glamorous diva of the Velvet Underground, to cult item, junkie and hag. Many faces for the same woman, whom, you realize, just couldn't bring herself to care enough to live.",Nico Icon
"After his daughter died in a hit and run, Freddy Gale has waited six years for John Booth, the man responsible, to be released from prison. On the day of release, Gale visits Booth and announces that he will kill him in one week. Booth uses his time to try and make peace with himself and his entourage, and even finds romance. Gale, whose life is spiraling down because of his obsession towards Booth, will bring himself on the very edge of sanity. At he end of the week, both men will find themselves on a collision course with each other.",The Crossing Guard
"With his gangster boss on trial for murder, a mob thug known as ""the Teacher"" tells Annie Laird she must talk her fellow jurors into a not-guilty verdict, implying that he'll kill her son Oliver if she fails. She manages to do this, but, when it becomes clear that the mobsters might want to silence her for good, she sends Oliver abroad and tries to gather evidence of the plot against her, setting up a final showdown.",The Juror
Several people try to take advantage of a little girl's innocence to hustle money her mom gave to her to buy a goldfish with.,بادکنک سفید
A mafia film in Tarantino style with a star-studded cast. Jimmy’s “The Saint” gangster career has finally ended. Yet now he finds him self doing favors for a wise godfather known as “The Man with the Plan.”,Things to Do in Denver When You're Dead
"After World War II, Antonia and her daughter, Danielle, go back to their Dutch hometown, where Antonia's late mother has bestowed a small farm upon her. There, Antonia settles down and joins a tightly-knit but unusual community. Those around her include quirky friend Crooked Finger, would-be suitor Bas and, eventually for Antonia, a granddaughter and great-granddaughter who help create a strong family of empowered women.",Antonia
"This film relates the story of a tightly connected Afro-American community informally called Colored Town where the inhabitants live and depend on each other in a world where racist oppression is everywhere, as told by a boy called Cliff who spent his childhood there. Despite this, we see the life of the community in all its joys and sorrows, of those that live there while others decide to leave for a better life north. For those remaining, things come to a serious situation when one prominent businessman is being muscled out by a white competitor using racist intimidation. In response, the community must make the decision of whether to submit meekly like they always have, or finally fight for their rights.",Once Upon a Time... When We Were Colored
"Filmed entirely on location in East Hampton, Long Island, ""Last Summer in the Hamptons"" concerns a large theatrical family spending the last weekend of their summer together at the decades-old family retreat which economic circumstances have forced them to put on the market. Victoria Foyt plays a young Hollywood actress whose visit wreaks havoc on the stellar group of family and friends - led by matriarch Viveca Lindfors and made up of an extraordinary mix of prominent New York actors, directors, and playwrights. In the course of a very unusual weekend, comic as well as serious situations arise, and the family's secrets - of which there are many - begin to unravel.",Last Summer in the Hamptons
"In Victorian England, wealthy patriarch Sir Harald Alabaster invites an impoverished biologist, William Adamson, into his home. There, William tries to continue his work, but is distracted by Alabaster's seductive daughter, Eugenia. William and Eugenia begin a torrid romance, but as the couple become closer, the young scientist begins to realize that dark, disturbing things are happening behind the closed doors of the Alabaster manor.",Angels and Insects
Teenage boys discover discipline and camaraderie on an ill-fated sailing voyage.,White Squall
"Hotel manager Robert Grant is forced by his boss to postpone his family vacation when a hotel critic checks in. Trouble is, the critic is really a villainous jewel thief with an orangutan assistant named Dunston. When Dunston gets loose and tries to escape a life of crime -- aided by Robert's sons -- havoc, hijinks and lots of laughs abound!",Dunston Checks In
A genetic engineering experiment gone horribly awry turns a large flock of docile sheep into unrelenting killing machines in this rural horror comedy directed by Jonathan King and featuring special effects designed by Weta Workshop.,Black Sheep
"Gene Watson is a public accountant who arrives on a train at Union Station in Los Angeles, accompanied by his 6-year-old daughter Lynn. Because of his ordinary looks, he is approached by a pair of sinister people named Smith and Jones.",Nick of Time
"The Journey of August King is a multi-dimensional drama about a North Carolina farmer in 1815. August King, a widower, is on his way home as he does every year after selling his produce and purchasing the stock and goods he will need to survive the winter. On his journey, he comes upon a run-away slave, a young woman about 19 and August King must decide to violate the law and help this slave to freedom or else leave her to be hunted down and, ultimately, returned to her slave owner.",The Journey of August King
"A housemaid falls in love with Dr. Jekyll and his darkly mysterious counterpart, Mr. Hyde.",Mary Reilly
"Maximillian, the lone survivor of a race of vampires, comes to Brooklyn in search of a way to live past the next full moon. His ticket to survival is Rita, a NYPD detective who doesn't know she's half vampire -- and Maximillian will do whatever's necessary to put her under his spell.",Vampire in Brooklyn
"During a snowy winter in the small fictional town of Knight""s Ridge, Massachusetts, a group of lifelong buddies hang out, drink and struggle to connect with the women who affect their decisions, dreams and desires.",Beautiful Girls
"Indian scout Tom Jeffords (James Stewart) is sent out to stem the war between the Whites and Apaches in the late 1870s. He learns (through an uncomfortably close encounter) that the Indians kill only to protect themselves, or out of retaliation for white atrocities.",Broken Arrow
"Out of work actor Joe volunteers to help try and save his sister's local church for the community by putting on a Christmas production of Hamlet, somewhat against the advice of his agent Margaretta. As the cast he assembles are still available even at Christmas and are prepared to do it on a 'profit sharing' basis (that is, they may not get paid anything) he cannot expect - and does not get - the cream of the cream. But although they all bring their own problems and foibles along, something bigger starts to emerge in the perhaps aptly named village of Hope.",A Midwinter's Tale
"Aimlessly whiling away their days in the concrete environs of their dead-end suburbia, Vinz, Hubert, and Said -- a Jew, African, and an Arab -- give human faces to France's immigrant populations, their bristling resentment at their social marginalization slowly simmering until it reaches a climactic boiling point. La Haine means Hate.",La Haine
"A dark, hip, urban story of a barren and anonymous city where the underclass' sport of choice is ram-raiding. An exciting game in which stolen cars are driven through shop windows to aid large-scale looting before the police arrive. For Tommy, it's a business, but for Billy and Jo, it's a labour of love. As the competition between Tommy and Billy grows more fierce, the stakes become higher and the ""shopping"" trips increasingly risky.",Shopping
"A documentary crew from the BBC arrives in L.A. intent on interviewing Heidi Fleiss, a year after her arrest for running a brothel but before her trial. Several months elapse before the interview, so the crew searches for anyone who'll talk about the young woman. Two people have a lot to say to the camera: a retired madam named Alex for whom Fleiss once worked and Fleiss's one-time boyfriend, Ivan Nagy, who introduced her to Alex. Alex and Nagy don't like each other, so the crew shuttles between them with ""she said"" and ""he said."" When they finally interview Fleiss, they spend their time reciting what Alex and Nagy have had to say and asking her reaction.",Heidi Fleiss: Hollywood Madam
"The accidental shooting of a boy in New York leads to an investigation by the Deputy Mayor, and unexpectedly far-reaching consequences.",City Hall
"Upon his release from a mental hospital following a nervous breakdown, the directionless Anthony joins his friend Dignan, who seems far less sane than the former. Dignan has hatched a hair-brained scheme for an as-yet-unspecified crime spree that somehow involves his former boss, the (supposedly) legendary Mr. Henry.",Bottle Rocket
"A single and lonely woman finds the seemingly perfect man to date, but soon regrets it when his deranged and possessive other personality emerges and worst still, she cannot convince anyone else of his Jekyll/Hyde true nature.",Mr. Wrong
"Julia moves in with her fiancé, David, but his ex-wife and her own haunting past join forces to rock her quiet suburban existence.",Unforgettable
"Failed hockey player-turned-golf whiz Happy Gilmore -- whose unconventional approach and antics on the grass courts the ire of rival Shooter McGavin -- is determined to win a PGA tournament so he can save his granny's house with the prize money. Meanwhile, an attractive tour publicist tries to soften Happy's image.",Happy Gilmore
Photographer Robert Kincaid wanders into the life of housewife Francesca Johnson for four days in the 1960s.,The Bridges of Madison County
No overview found.,Keiner liebt mich
"After telling the story of Flint's last journey to young Jim Hawkins, Billy Bones has a heart attack and dies just as Jim and his friends are attacked by pirates. The gang escapes into the town where they hire out a boat and crew to find the hidden treasure, which was revealed by Bones before he died. On their voyage across the seas, they soon find out that not everyone on board can be trusted.",Muppet Treasure Island
"A documentary following Christy Turlington and other models during spring fashion week in Milan, Paris and New York.",Catwalk
An ex-con holds a group of people hostage in a topless bar.,Headless Body in Topless Bar
"Enraged at the slaughter of Murron, his new bride and childhood love, Scottish warrior William Wallace slays a platoon of the local English lord's soldiers. This leads the village to revolt and, eventually, the entire country to rise up against English rule.",Braveheart
"A mentally unstable Vietnam War veteran works as a night-time taxi driver in New York City where the perceived decadence and sleaze feeds his urge for violent action, attempting to save a preadolescent prostitute in the process.",Taxi Driver
"Keong comes from Hong Kong to visit New York for his uncle's wedding. His uncle runs a market in the Bronx and Keong offers to help out while Uncle is on his honeymoon. During his stay in the Bronx, Keong befriends a neighbor kid and beats up some neighborhood thugs who cause problems at the market. One of those petty thugs in the local gang stumbles into a criminal situation way over his head.",紅番區
Two parents deal with the effects when their son is accused of murdering his girlfriend.,Before and After
"In a town where half the men die down the coalpit, Margaret MacNeil is quite happy being single in her small Cape Breton island town. Until she meets Neil Currie, a charming and sincere bagpipe-playing, Gaelic-speaking dishwasher. But no matter what you do, you can't avoid the spectre of the pit forever.",Margaret's Museum
"Francis, the boss of a small plumbing supply company, is harassed by tax collectors, striking employees, and an impossible wife and daughter. His only joy is sharing lunch with his friend Gerard. Then a TV show called ""where are you?"" shows a woman from Gers who is searching for her husband who disappeared 28 years ago. The lost husband looks like an identical twin of Francis...",Le Bonheur est dans le pré
"Using previously unreleased archival material in addition to contemporary interviews, this academy award-winning documentary tells the story of the Frank family and presents the first fully-rounded portrait of their brash and free-spirited daughter Anne, perhaps the world's most famous victim of the Holocaust. Written by Dawn M. Barclift",Anne Frank Remembered
"A sinister tale of genius gone wrong, The Young Poisoner's Handbook chronicles a young man's descent into madness against the absurd backdrop of suburban English life. Hugh O'Conor plays Graham Young, a schoolboy from the London suburbs whose deadly obsession with toxic substances causes him to dabble in experimental murder.",The Young Poisoner's Handbook
"Joe and Lucy are roommates and best friends. Lucy, whose love life is embarrassingly dull, convinces Joe, who is infatuated with a neighbor he's never met, that if they don't have stable romances within a month, they must jump off the Brooklyn Bridge.",If Lucy Fell
"Ruben and Robby are twin brothers, adopted by Mona, one of the wealthiest - and most eccentric - women in Santa Barbara. Ruben is devoted to Mona, but Robby is more devoted to her money. So when Mona leaves her fortune and estate to Ruben it starts a battle between brothers that soon leads to madness, mayhem, and even attempted murder. On Ruben's side is Lou Perilli an ex-Chicago cop and used car dealer who knows the law - and how to get around it. On Robby's side is ruthless businessman Reed Tyler, who is out to turn a swift profit on Mona's property. Walking a shifty line between them is Eddie Agopian, the family lawyer, who doesn't care which side wins as long as he's on the winner's side. But whether they're stealing big or stealing little, they're all stealing in this hilarious comedy about greed, power... and brotherly love.",Steal Big Steal Little
"A bunch of high school misfits in Hawaii, introduced by their new teacher, attend a science fair in which they draw up inspiration to build their own solar car and win a trip to compete in the 1990 World Solar Challenge in Australia.",Race the Sun
The true story of boys being sexually abused at their orphanage ran by a religious community in Newfoundland.,The Boys of St. Vincent
"Marcus is a successful advertising executive who woos and beds women almost at will. After a company merger he finds that his new boss, the ravishing Jacqueline, is treating him in exactly the same way. Completely traumatised by this, his work goes badly downhill.",Boomerang
"Every day, Cop 223 buys a can of pineapple with an expiration date of May 1, symbolizing the day he'll get over his lost love. He's also got his eye on a mysterious woman in a blond wig, oblivious of the fact she's a drug dealer. Cop 663 is distraught with heartbreak over a breakup. But when his ex drops a spare set of his keys at a local cafe, a waitress lets herself into his apartment and spruces up his life.",重慶森林
The adventures and deceptions of a photographer who travels through the small villages of Sicily pretending that he is working for the big film studios in Rome.,L'uomo delle stelle
"Adopted as a child, new father Mel Colpin (Ben Stiller) decides he cannot name his son until he knows his birth parents, and determines to make a cross-country quest to find them. Accompanied by his wife, Nancy (Patricia Arquette), and an inept yet gorgeous adoption agent, Tina (Tea Leoni), he departs on an epic road trip that quickly devolves into a farce of mistaken identities, wrong turns, and overzealous and love-struck ATF agents (Josh Brolin, Richard Jenkins).",Flirting with Disaster
A young boy must restore order when a group of bullies steal the magical book that acts as a portal between Earth and the imaginary world of Fantasia.,The NeverEnding Story III
The death of a prince brings a young woman back to the palace where she was born into servitude. The lingering legacy of the harem is brought into light from behind frosted windows and velvet curtains.,صمت القصور
"Michel Negroponte, a documentary filmmaker, meets Maggie one day in Central Park. Maggie claims to be married to the god Jupiter and the daughter of actor Robert Ryan. Michel gets to know Maggie over the next couple of years, and attempts to use her often outlandish stories as clues to reconstruct her past.
 - Written by James Meek",Jupiter's Wife
Early film from Elia Kazan (and several other directors) is a spoof of religion.,Pie in the Sky
"A ten year old girl named Angela leads her six year old sister, Ellie, through various regimens of 'purification' in an attempt to rid themselves of their evil, which she believes to be the cause of their mother's mental illness. Precocious, to say the least, Angela has visions of Lucifer coming to take her and her sister away, and one of her remedies for this is for them to remain within a circle of their dolls and toys until they see a vision of the virgin Mary come to them. But such thinking can only lead to an ending befitting of her own mental state.",Angela
The quirky story of a young boy's adventures growing up with his stunningly beautiful mother and the two very different men who love her.,Frankie Starlight
"Someone does a nasty hatchet job on a San Fransisco big noise and the Assistant D.A. takes charge of the investigation. Through a web of blackmail and prostitution involving the Governor, an old lover of the law man emerges as a prime suspect and he has to deal with his personal feelings as well as the case.",Jade
"Balbuena is a genial illegal immigrant who makes his way to New York City to take a bite out of the Big Apple. But his hopes of finding a better life soon begin to fade as Balbuena encounters one obstacle after another in the hardscrabble, uncaring metropolis.",Nueba Yol
"Within days after the release of Negativland's clever parody of U2 and Casey Kasem, recording industry giant Island Records descended upon the band with a battery of lawyers intent on erasing the piece from the history of rock music.  Craig ""Tribulation 99"" Baldwin follows this and other intellectual property controversies across the contemporary arts scene. Playful and ironic, his cut-and-paste collage-essay surveys the prospects for an ""electronic folk culture"" in the midst of an increasingly commodified corporate media landscape.",Sonic Outlaws
"Bumbling Navy lieutenant Tom Dodge has been given one last chance to clean up his record. But Admiral Graham, his nemesis, assigns Dodge to the Stingray, a submarine that can barely keep afloat. To add insult to injury, the Stingray is to be the enemy flagship in the upcoming war games … and to make matters even worse, Dodge's crew is a band of idiots even more incompetent that he is!",Down Periscope
"Mark Rappaport's creative bio-pic about actress Jean Seberg is presented in a first-person, autobiographical format (with Seberg played by Mary Beth Hurt). He seamlessly interweaves cinema, politics, American society and culture, and film theory to inform, entertain, and move the viewer. Seberg's many marriages, as well as her film roles, are discussed extensively. Her involvement with the Black Panther Movement and subsequent investigation by the FBI is covered. Notably, details of French New Wave cinema, Russian Expressionist (silent) films, and the careers of Jane Fonda, Vanessa Redgrave, and Clint Eastwood are also intensively examined. Much of the film is based on conjecture, but Rappaport encourages viewers to re-examine their ideas about women in film with this thought-provoking picture.",From the Journals of Jean Seberg
"The irreverent host of a political satire talk show decides to run for president and expose corruption in Washington. His stunt goes further than he expects when he actually wins the election, but a software engineer suspects that a computer glitch is responsible for his surprising victory.",Man of the Year
"While on a train, a teenage boy thinks about his life and the flamboyant aunt whose friendship acted as an emotional shield from his troubled family. This film evokes the haunting quality of memory while creating a heartfelt portrait of a boy's life in a rural 1940s Southern town.",The Neon Bible
A Texan with a secret past (Gene Hackman) searches Europe with his son (Matt Dillon) after the KGB kidnaps his wife (Gayle Hunnicutt).,Target
"Tally Atwater has a dream: to be a prime-time network newscaster. She pursues this dream with nothing but ambition, raw talent and a homemade demo tape. Warren Justice is a brilliant, hard edged, veteran newsman. He sees Tally has talent and becomes her mentor. Tally’s career takes a meteoric rise and she and Warren fall in love. The romance that results is as intense and revealing as television news itself. Yet, each breaking story, every videotaped crisis that brings them together, also threatens to drive them apart...",Up Close & Personal
A gay cabaret owner and his drag queen companion agree to put up a false straight front so that their son can introduce them to his fiancé's right-wing moralistic parents.,The Birdcage
"In 1981 in Medjugorje (BA), a group of kids claim that Virgin Mary appeared to them on a hill. The local priest believes them and spreads the word. Religious tourism blossoms. The communist government is concerned and arrests the priest.",Gospa
"Deals with the lives of the three Irish Catholic McMullen brothers from Long Island, New York, over three months, as they grapple with basic ideas and values — love, sex, marriage, religion and family — in the 1990s. Directed, written, produced by and starring Edward Burns.",The Brothers McMullen
Documentary about the Detroit Pistons.,Bad Boys
"Far from home in the lush bamboo forests of China, ten-year-old Ryan Tyler, with the help of a young girl, goes on a wonderful journey to rescue a baby panda taken by poachers.",The Amazing Panda Adventure
Film adaptation of street tough Jim Carroll's epistle about his kaleidoscopic free fall into the harrowing world of drug addiction.,The Basketball Diaries
"An Awfully Big Adventure is a 1995 drama film about a theatre company in Liverpool, set in 1947 and based on the 1989 novel of the same name by Beryl Bainbridge.",An Awfully Big Adventure
"A man wakes up in an alley, bleeding and with no memory of who he is. He stumbles into a coffee shop and is befriended by a charitable ex-nun who is failing in her attempts to write marketable pornography.",Amateur
"The true story of technical troubles that scuttle the Apollo 13 lunar mission in 1971, risking the lives of astronaut Jim Lovell and his crew, with the failed journey turning into a thrilling saga of heroism. Drifting more than 200,000 miles from Earth, the astronauts work furiously with the ground crew to avert tragedy.",Apollo 13
"In the highlands of Scotland in the 1700s, Rob Roy tries to lead his small town to a better future, by borrowing money from the local nobility to buy cattle to herd to market. When the money is stolen, Rob is forced into a Robin Hood lifestyle to defend his family and honour.",Rob Roy
A vampiric doctoral student tries to follow the philosophy of a nocturnal comrade and control her thirst for blood.,The Addiction
"The Dark Knight of Gotham City confronts a dastardly duo: Two-Face and the Riddler. Formerly District Attorney Harvey Dent, Two-Face believes Batman caused the courtroom accident which left him disfigured on one side. And Edward Nygma, computer-genius and former employee of millionaire Bruce Wayne, is out to get the philanthropist; as The Riddler. Former circus acrobat Dick Grayson, his family killed by Two-Face, becomes Wayne's ward and Batman's new partner Robin.",Batman Forever
"Beautiful young housewife Séverine Serizy cannot reconcile her masochistic fantasies with her everyday life alongside dutiful husband Pierre. When her lovestruck friend Henri mentions a secretive high-class brothel run by Madame Anais, Séverine begins to work there during the day under the name Belle de Jour. But when one of her clients grows possessive, she must try to go back to her normal life.",Belle de jour
"Patricia Arquette stars as American widow Laura Bowman, a young doctor who's unwittingly drawn into political turmoil while vacationing in Burma in the late 1980s, in this fictionalized drama based on actual events. Bowman initially left San Francisco with her sister (Frances McDormand) in an attempt to escape painful memories of her husband and son's violent deaths. But her fight to escape to Thailand could prove just as harrowing.",Beyond Rangoon
"Auggie runs a small tobacco shop in Brooklyn, New York. The whole neighborhood comes to visit him to buy cigarettes and have some small talk. During the movie Lou Reed tries to explain why he has to have a cut on his health insurance bill if he keeps smoking and Madonna acts as a Singing Telegram.",Blue in the Face
Canadian Bacon is the only fictitious film from Director Michael Moore. This comedy is about an American president who decides to go to war to bring the public’s opinion of him up during election time. Canadian Bacon is actor John Candy’s last film.,Canadian Bacon
"Furious that her late father only willed her his gloomy-looking mansion rather than his millions, Carrigan Crittenden is ready to burn the place to the ground when she discovers a map to a treasure hidden in the house. But when she enters the rickety mansion to seek her claim, she is frightened away by a wicked wave of ghosts. Determined to get her hands on this hidden fortune, she hires afterlife therapist Dr. James Harvey to exorcise the ghosts from the mansion. Harvey and his daughter Kat move in, and soon Kat meets Casper, the ghost of a young boy who's ""the friendliest ghost you know."" But not so friendly are Casper's uncles--Stretch, Fatso and Stinkie--who are determined to drive all ""fleshies"" away.",Casper
"Strike is a young city drug pusher under the tutelage of drug-lord Rodney Little.When a night man at a fast-food restaurant is found with four bullets in his body, Strike's older brother turns himself in as the killer. Det. Rocco Klein doesn't buy the story, however, and sets out to find the truth, and it seems that all the fingers point toward Strike &amp; Rodney.",Clockers
"Eight people embark on an expedition into the Congo, a mysterious expanse of unexplored Africa where human greed and the laws of nature have gone berserk. When the thrill-seekers -- some with ulterior motives -- stumble across a race of killer apes.",Congo
"On a US nuclear missile sub, a young first officer stages a mutiny to prevent his trigger happy captain from launching his missiles before confirming his orders to do so.",Crimson Tide
"This movie chronicles the life and times of R. Crumb. Robert Crumb is the cartoonist/artist who drew Keep On Truckin', Fritz the Cat, and played a major pioneering role in the genesis of underground comix. Through interviews with his mother, two brothers, wife, and ex-girlfriends, as well as selections from his vast quantity of graphic art, we are treated to a darkly comic ride through one man's subconscious mind.",Crumb
A gunslinger is embroiled in a war with a local drug runner.,Desperado
"In late 1940s Los Angeles, Easy Rawlins is an unemployed black World War II veteran with few job prospects. At a bar, Easy meets DeWitt Albright, a mysterious white man looking for someone to investigate the disappearance of a missing white woman named Daphne Monet, who he suspects is hiding out in one of the city's black jazz clubs. Strapped for money and facing house payments, Easy takes the job, but soon finds himself in over his head.",Devil in a Blue Dress
"New York detective John McClane is back and kicking bad-guy butt in the third installment of this action-packed series, which finds him teaming with civilian Zeus Carver to prevent the loss of innocent lives. McClane thought he'd seen it all, until a genius named Simon engages McClane, his new ""partner"" -- and his beloved city -- in a deadly game that demands their concentration.",Die Hard: With a Vengeance
"Jordan White and Amy Blue, two troubled teens, pick up an adolescent drifter, Xavier Red. Together, the threesome embark on a sex and violence-filled journey through an America of psychos and quickiemarts.",The Doom Generation
"After an abandoned young woman in late 19th Century England is taken in by a rural couple with three handsome sons, tragic consequences result.",Feast of July
"The timeless tale of King Arthur and the legend of Camelot are retold in this passionate period drama. Arthur is reluctant to hand the crown to Lancelot, and Guinevere is torn between her loyalty to her husband and her growing love for his rival. But Lancelot must balance his loyalty to the throne with the rewards of true love.",First Knight
Jesse becomes reunited with Willy three years after the whale's jump to freedom as the teenager tries to rescue the killer whale and other orcas from an oil spill.,Free Willy 2 - The Adventure Home
"Along with his new friends, a teenager who was arrested by the US Secret Service and banned from using a computer for writing a computer virus discovers a plot by a nefarious hacker, but they must use their computer skills to find the evidence while being pursued by the Secret Service and the evil computer genius behind the virus.",Hackers
"Jeffery, a young gay man in New York, decides that sex is too much and decided to become celibate. He immediately meets the man of his dreams and must decide whether or not love is worth the danger of a boyfriend dying.",Jeffrey
"A data courier, literally carrying a data package inside his head, must deliver it before he dies from the burden or is killed by the Yakuza.  In a dystopian 2021, Johnny (Keanu Reeves) is a data trafficker who has an implant that allows him to securely store data too sensitive for regular computer networks. On one delivery run, he accepts a package that not only exceeds the implant's safety limits - and will kill him if the data is not removed in time - but also contains information far more important and valuable than he had ever imagined. On a race against time, he must avoid the assassins sent to kill him and remove the data before it, too, ends his life.",Johnny Mnemonic
"In a dystopian future, Dredd, the most famous judge (a cop with instant field judiciary powers) is convicted for a crime he did not commit while his murderous counterpart escapes.",Judge Dredd
"When jobless Tommy Collins discovers that sequestered jurors earn free room and board as well as $5-a-day, he gets himself assigned to a jury in a murder trial. Once there, he does everything he can to prolong the trial and deliberations and make the sequestration more comfortable for himself.",Jury Duty
"A controversial portrayal of teens in New York City which exposes a deeply disturbing world of sex and substance abuse. The film focuses on a sexually reckless, freckle-faced boy named Telly, whose goal is to have sex with as many different girls as he can. When Jenny, a girl who has had sex only once, tests positive for HIV, she knows she contracted the disease from Telly. When Jenny discovers that Telly's idea of ""safe sex"" is to only have sex with virgins, and is continuing to pass the disease onto other unsuspecting girls, Jenny makes it her business to try to stop him.",Kids
Film about filmmaking. It takes place during one day on set of non-budget movie. Ultimate tribute to all independent filmmakers.,Living in Oblivion
"During a routine case in L.A., NY private investigator Harry D'Amour stumbles over members of a fanatic cult who are preparing for the resurrection of their leader Nix, a powerful magician who was killed 13 years earlier.",Lord of Illusions
"Dreary urban landscape of an anonymous Canadian city. Dark comedy about a group of twentysomethings looking for love and meaning in the '90s. The film focuses on roommates David, a gay waiter who has has given up on his acting career, and Candy, a book reviewer who is also David's ex-lover. David and Candy's lives are entangled with those of David's friends and Candy's dates.",Love & Human Remains
An insane surgeon's obsession with an actress leads him to replace her wounded pianist's hands with the hands of a knife murderer which still have the urge to throw knives.,Mad Love
"Both dumped by their girlfriends, two best friends seek refuge in the local mall.",Mallrats
"Power up with six incredible teens who out-maneuver and defeat evil everywhere as the Mighty Morphin Power Ranger, But this time the Power Rangers may have met their match, when they face off with the most sinister monster the galaxy has ever seen.",Mighty Morphin Power Rangers: The Movie
Four women who discover untapped strength within themselves when they finally let go of what divides them,Moonlight and Valentino
"Billy is mute, but it hasn't kept her from becoming a successful makeup artist. While in Russia, working on a film directed by her sister's boyfriend, Andy, Billy finds herself trapped in the studio one night and is horrified to see a snuff film being made. Billy escapes and, with the help of her sister, Kate, alerts authorities about what she saw. Unfortunately, in doing so, she makes an enemy of the Russian mafia, who funded the snuff film.",Mute Witness
"This ultra-hip, post-modern vampire tale is set in contemporary New York City. Members of a dysfunctional family of vampires are trying to come to terms with each other, in the wake of their father's death. Meanwhile, they are being hunted by Dr. Van Helsing and his hapless nephew. As in all good vampire movies, forces of love are pitted against forces of destruction.",Nadja
"Angela Bennett is a freelance software engineer who lives in a world of computer technology. When a cyber friend asks Bennett to debug a new game, she inadvertently becomes involved in a conspiracy that will soon turn her life upside down. While on vacation in Mexico, her purse is stolen. She soon finds that people and events may not be what they seem as she becomes the target of an assassination. Her vacation is ruined.  She gets a new passport at the U.S. Embassy in Mexico but it has the wrong name, Ruth Marx. When she returns to the U.S. to sort things out, she discovers that Ruth Marx has an unsavory past and a lengthy  police record. To make matters worse, another person has assumed her real identity ...",The Net
"When he finds out his longtime girlfriend is pregnant, a commitment-phobe realizes he might have to change his lifestyle for better or much, much worse.",Nine Months
"Angélique is a 60-year-old bar hostess. She still likes to party, she still likes men. At night, she makes them drink, in a cabaret by the French-German border. As time goes by, clients become rare. But Michel, her regular client, is still in love with her. One day, he asks Angélique to marry him.",Party Girl
"The angel Gabriel comes to Earth to collect a soul which will end the stalemated war in Heaven, and only a former priest and a little girl can stop him.",The Prophecy
"Rebellious footballer Johnny, falls for cheerleader Tracy. They come from opposite backgrounds; she's from a comfortable well off family, he is poor and broken. Tracy already has a boyfriend but he acts like a jerk, so Johnny has to win Tracy's heart - something she seems reluctant to let him do.",Reckless
"After a former elite agent rescues a 12-year-old Chinese girl who's been abducted, they find themselves in the middle of a standoff between Triads, the Russian Mafia and high-level corrupt New York City politicians and police.",Safe
"In the 17th century Massachusetts, a married women, whose husband is missing, has a child with the local pastor. The puritanical residents of her town condemn her to carry the Scarlet Letter of shame. Then the husband shows up.",The Scarlet Letter
"Cock Robin (John Gilbert) is the swaggering ballyhoo man of a Hungarian sideshow known as the Palace of Illusions. The highlight of the show is a reenactment of Salome's dance of the seven veils, replete with the beheading of John the Baptist. The performer (Renee Adoree) playing Salome is in love with Cock Robin. Jealous, sinister The Greek (Lionel Barrymore) is determined to eliminate this competition for Salome's affections.",The Show
A young drifter named Nomi arrives in Las Vegas to become a dancer and soon sets about clawing and pushing her way to become a top showgirl.,Showgirls
"Writer Paul Benjamin is nearly hit by a bus when he leaves Auggie Wren's smoke shop. Stranger Rashid Cole  saves his life, and soon middle-aged Paul tells homeless Rashid that he wouldn't mind a short-term housemate. Still grieving over his wife's murder, Paul is moved by both Rashid's quest to reconnect with his father and Auggie's discovery that a woman who might be his daughter is about to give birth.",Smoke
"In one of her best-ever roles, Julia Roberts is Grace, whose reaction to the infidelities of Eddie (Dennis Quaid) turns the lives and loves of the people around her into something like falling dominoes. Robert Duvall, Gena Rowlands, Kyra Sedgwick and others in ""the year's best ensemble of characters"" (Jack Matthews, 'Newsday') co-star in this juicy, truthful story written by Callie Khouri",Something to Talk About
"In 1993, the Search for Extra Terrestrial Intelligence Project receives a transmission detailing an alien DNA structure, along with instructions on how to splice it with human DNA. The result is Sil, a sensual but deadly creature who can change from a beautiful woman to an armour-plated killing machine in the blink of an eye.",Species
"The setting is early America during the oil boom. An elderly, down on his luck 'oil man', Mr. Cox finds himself in the town of Henrietta. Using unconventional methods, he convinces himself and local Don Day that there is oil on Day's land. The financially strapped Day puts everything into finding oil...but at what cost?",The Stars Fell on Henrietta
"Set in the year 1999 during the last days of the old millennium, the movie tells the story of Lenny Nero, an ex-cop who now deals with data-discs containing recorded memories and emotions. One day he receives a disc which contains the memories of a murderer killing a prostitute. Lenny investigates and is pulled deeper and deeper in a whirl of blackmail, murder and rape. Will he survive and solve the case?",Strange Days
"This simple romantic tragedy begins in 1957. Guy Foucher, a 20-year-old French auto mechanic, has fallen in love with 17-year-old Geneviève Emery, an employee in her widowed mother's chic but financially embattled umbrella shop. On the evening before Guy is to leave for a two-year tour of combat in Algeria, he and Geneviève make love. She becomes pregnant and must choose between waiting for Guy's return or accepting an offer of marriage from a wealthy diamond merchant.",Les parapluies de Cherbourg
John Netherwood and his wife Leann are fugitives who are both wanted for murder. They have a young daughter named Janie and they want her back.,The Tie That Binds
"While Jane Holman (Mastrantonio) is driving with her two sons, she accidentally runs into a drifter, Jack McCloud (Swayze), who breaks his leg. Being responsible,  Jane invites Jack, and his dog, to stay at her home until his leg has healed.  Jack struggles to adapt their lifestyle, and finds himself loved by the family. He starts teaching baseball to Tom, who misses his father, who was lost in the Korean war. Jack and Tom develop a strong bond of friendship. Meanwhile, Gunny believes that there is more to Jack and Betty Jane than meets the eye...  We learn that Jack, is Jack McCloud, a Star White Socks baseball player in 1941, who dropped out of the league, after his first season, and; ""was never heard from again"" ...  A wonderful story.  We witness magic between a boy's imagination, and Jack's dog, and are never sure if we are witnessing imagination or magic by the dog.  A story of friendship, family, and learning that life isn't always as cut and dried as we often believe.",Three Wishes
"Young, wild poet Arthur Rimbaud and his mentor Paul Verlaine engage in a fierce, forbidden romance while feeling the effects of a hellish artistic lifestyle.",Total Eclipse
"Three New York drag queens on their way to Hollywood for a beauty pageant get stranded in a small Midwestern town for the entire weekend when their car breaks down. While waiting for parts for their Cadillac convertible, the flamboyant trio shows the local homophobic rednecks that appearing different doesn't mean they don't have humanity in common.","To Wong Foo, Thanks for Everything! Julie Newmar"
"A passenger train has been hijacked by an electronics expert and turned into an untraceable command center for a weapons satellite. He has planned to blow up Washington DC and only one man can stop him, former Navy SEAL Casey Ryback.",Under Siege 2: Dark Territory
"Steven Lidz, unhappy with his home life since his mother got sick, goes and lives with his two crazy Uncles. There he changes and gets closer to his Uncles, but his parents want him home even though he is finally happy and popular. Written by Todd Weiser",Unstrung Heroes
"Using a variety of cinematographic techniques, the world of high- profile fashion designer Issac Mizrahi is portrayed as being driven by excitement and creativity, despite the concomitant chaos and cacophony. Mizrahi's frenzied genius and rollercoaster emotions paint a humorous and personal portrait of a brilliant designer. Famous ""SuperModels"", actors, and actresses populate Issac's rarified world, but Douglas Keeve's cameras capture the stress and turbulence beneath the placid coolness of glamour. Written by Tad Dibbern",Unzipped
World War II vet Paul Sutton falls for a pregnant and unwed woman who persuades him -- during their first encounter -- to pose as her husband so she can face her family.,A Walk in the Clouds
"In a futuristic world where the polar ice caps have melted and made Earth a liquid planet, a beautiful barmaid rescues a mutant seafarer from a floating island prison. They escape, along with her young charge, Enola, and sail off aboard his ship. But the trio soon becomes the target of a menacing pirate who covets the map to 'Dryland' – which is tattooed on Enola's back.",Waterworld
"The story takes place in alternative America where the blacks are members of social elite, and whites are inhabitants of inner city ghettos. Louis Pinnock is a white worker in a chocolate factory, loving husband and father of two children. While delivering a package for black CEO Thaddeus Thomas, he is mistaken for a voyeur and, as a result, loses his job, gets beaten by black cops and his family gets evicted from their home. Desperate Pinnock takes a gun and kidnaps Thomas, demanding justice.",White Man's Burden
"Out on parole after 8 years inside Bill Hayward returns home to find his now 11 and 15 year old sons abandoned by their mother and fending for themselves. Unwilling to play Dad, an uncaring Bill is determined to move on.",Wild Bill
"On the last day of term at a boys private school, a new master arrives to familiarise himself. His predecessor, Crocker-Harris, is much hated in the school, but his younger wife seems more popular, and not only with the pupils. Tensions erupt making this a day nobody in the school will ever forget...",The Browning Version
"A inept courier realises he has been used by criminals to deliver money. On the run from both the criminals and police, he poses as a Scout leader and leads a scout group on a hike through the mountains.",Bushwhacked
"Russia, 1936: revolutionary hero Colonel Kotov is spending an idyllic summer in his dacha with his young wife and six-year-old daughter Nadia and other assorted family and friends. Things change dramatically with the unheralded arrival of Cousin Dmitri from Moscow, who charms the women and little Nadia with his games and pianistic bravura. But Kotov isn't fooled: this is the time of Stalin's repression, with telephone calls in the middle of the night spelling doom - and he knows that Dmitri isn't paying a social call...",Утомлённые солнцем
"The circularity of violence seen in a story that circles on itself. In Macedonia, during war in Bosnia, Christians hunt an ethnic Albanian girl who may have murdered one of their own. A young monk who's taken a vow of silence offers her protection. In London, a photographic editor who's pregnant needs to talk it out with her estranged husband and chooses a toney restaurant.",Before the Rain
"A dialogue marathon of a film, this fairytale love story of an American boy and French girl. During a day and a night together in Vienna their two hearts collide.",Before Sunrise
"Billy Madison is the 27 year-old son of Bryan Madison, a very rich man who has made his living in the hotel industry. Billy stands to inherit his father's empire but only if he can make it through all 12 grades, 2 weeks per grade, to prove that he has what it takes to run the family business.",Billy Madison
"Jennifer (Alicia Silverstone) is a lovely teen who has been hired to baby-sit the kids of Harry Tucker (J.T. Walsh) and his wife, Dolly (Lee Garlington). The Tuckers go to a party and proceed to get inebriated, with Mr. Tucker fantasizing about his beautiful baby sitter. Meanwhile, Jack (Jeremy London), her boyfriend, and Mark (Nicky Katt), another guy interested in her, decide to spy on Jennifer at the Tucker house, with each young man also fixated on her.",The Babysitter
"After breaking up with her girlfriend, a nightclub singer, Jane, answers a personal ad from Robin, a real estate agent with AIDS, seeking a cross-country travel partner. On their journey from New York City to Los Angeles, the two stop by Pittsburgh to pick up Robin's friend Holly, who is trying to escape an abusive relationship. With three distinct personalities, the women must overcome their differences to help one another.",Boys on the Side
An alcoholic checks into a health spa and his antics promptly throw the establishment into chaos.,The Cure
John has inherited a castle and Italy and he moves there with his wife Susan and their blind daughter Rebecca. What they don't realize is that there is somebody else in the castle. An abused child left to die in the basement who has now become the castle freak and is out to wreak havoc.,Castle Freak
"'Circle Of Friends' is set in 1950's Ireland. The movie focuses on Benny Hogan and her best friend, Eve Malone. The story centers around Benny and Eve as they enter student life at University College, Dublin. Here Benny and Eve reunite with their childhood friend, the ice-cool Nan Mahon, the 'college belle'. They also encounter the handsome and charming Jack Foley, whom Benny quickly falls for.",Circle of Friends
"Convenience and video store clerks Dante and Randal are sharp-witted, potty-mouthed and bored out of their minds. So in between needling customers, the counter jockeys play hockey on the roof, visit a funeral home and deal with their love lives.",Clerks
"John Arnold DeMarco is a man who believes he is Don Juan, the greatest lover in the world. Clad in a cape and mask, DeMarco undergoes psychiatric treatment with Dr. Jack Mickler to cure him of his apparent delusion. But the psychiatric sessions have an unexpected effect on the psychiatric staff and, most profoundly, Dr Mickler, who rekindles the romance in his complacent marriage.",Don Juan DeMarco
"A computer specialist is sued for sexual harassment by a former lover turned boss who initiated the act forcefully, which threatens both his career and his personal life.",Disclosure
"Kris is a homicide cop with psychic abilities. She works to prove that the prime suspect in her latest case (the much younger husband of the millionaire victim) is innocent. But are her visions true, or planned by someone who knows what she can see?",Dream Man
A team of skydiving crooks led by DEA-agent-turned-bad Ty Moncrief (Busey) specialize in landing on police roofs and breaking in so their evil computer nerd can steal undercover agents' files and sell them to drug lords. Federal Marshal Pete Nessip (Snipes) lost a brother to this crew and learns skydiving with the help of tough-but-lovable instructor Jessie Crossmann (Butler) so he can track them down.,Drop Zone
"Johnny Destiny burns into Las Vegas in his hot Plymouth RoadRunner, stopping only to pick up a stranger stranded in the desert. But then, things aren't always as they seem. Anything can happen in that town of many possibilities...especially since there's been some weird electrical disturbances. As the stranger, fresh out of prison, tries to put his life back together--to recover his money from an old bank heist and the girl he lost in doing the job--something keeps interfering with his plans. Is it fate...or just Destiny?",Destiny Turns on the Radio
A political activist is convinced that her guest is a man who once tortured her for the government.,Death and the Maiden
"Dolores Claiborne was accused of killing her abusive husband twenty years ago, but the court's findings were inconclusive and she was allowed to walk free. Now she has been accused of killing her employer, Vera Donovan, and this time there is a witness who can place her at the scene of the crime. Things look bad for Dolores when her daughter Selena, a successful Manhattan magazine writer, returns to cover the story.",Dolores Claiborne
"Lloyd and Harry are two men whose stupidity is really indescribable. When Mary, a beautiful woman, loses an important suitcase with money before she leaves for Aspen, the two friends (who have found the suitcase) decide to return it to her. After some ""adventures"" they finally get to Aspen where, using the lost money they live it up and fight for Mary's heart.",Dumb and Dumber
"The film tells the story of a retired and widowed Chinese master chef Chu (Si Hung Lung) and his family living in modern day Taipei, Taiwan. At the start of the film, he lives with his three attractive daughters, all of whom are unattached. As the film progresses, each of the daughters encounters new men in their lives. When these new relationships blossom, the stereotypes are broken and the living situation within the family changes.. The film features several scenes displaying the techniques and artistry of gourmet Chinese cooking. Since the family members have difficulty expressing their love for each other, the intricate preparation of banquet quality dishes for their Sunday dinners is the surrogate for their familial feelings.",飲食男女
"In the upscale Toronto strip club Exotica, dancer Christina is visited nightly by the obsessive Francis, a depressed tax auditor. Her ex-boyfriend, the club's MC, Eric, still jealously pines for her even as he introduces her onstage, but Eric is having his own relationship problems with the club's owner, Zoe. Meanwhile Thomas, a mysterious pet-shop owner, is about to become unexpectedly involved in their lives. Gradually, connections between the traumatic pasts of these characters are revealed.",Exotica
"Elliot is going to the island of Eden to live out his submissive fantasies, but inadvertently photographs diamond smugglers at work. Smugglers, and detectives, follow him to the island, where they try to retrieve the film. Elliot begins falling in love with Lisa, the head mistress of the island, and Lisa must evaluate her feelings about Elliot and her own motivations.",Exit to Eden
"The mostly true story of the legendary ""worst director of all time"", who, with the help of his strange friends, filmed countless B-movies without ever becoming famous or successful.",Ed Wood
French Kiss is director Kasdan’s best film since the Bodyguard. The plot involves a couple in love and one woman’s attempt to fly to Paris to get her lover back from a business trip and marry him. On the way she unknowingly smuggles something of value that has a petty thief chasing her across France as she chases after her future husband.,French Kiss
"Mickey Gordon is a basketball referee who travels to France to bury his father. Ellen Andrews is an American living in Paris who works for the airline he flies on. They meet and fall in love, but their relationship goes through many difficult patches. The story is told in flashback by their friends at a restaurant waiting for them to arrive.",Forget Paris
"Teenager Angus adopts a stray dog and names him Yellow. Several days later, while travelling along the coast of British Columbia with Angus's father, John, the boy and dog become stranded when turbulent waters capsize their boat. Angus's parents relentlessly badger rescue teams. Angus, schooled by his father in wilderness survival skills, and assisted by the intelligent Yellow Dog, tries to attract rescuers.",Far from Home: The Adventures of Yellow Dog
"Though Goofy always means well, his amiable cluelessness and klutzy pratfalls regularly embarrass his awkward adolescent son, Max. When Max's lighthearted prank on his high-school principal finally gets his longtime crush, Roxanne, to notice him, he asks her on a date. Max's trouble at school convinces Goofy that he and the boy need to bond over a cross-country fishing trip like the one he took with his dad when he was Max's age, which throws a kink in his son's plans to impress Roxanne.",A Goofy Movie
"Hatch Harrison, his wife, Lindsey, and their daughter, Regina, are enjoying a pleasant drive when a car crash leaves wife and daughter unharmed but kills Hatch. However, an ingenious doctor, Jonas Nyebern, manages to revive Hatch after two lifeless hours. But Hatch does not come back unchanged. He begins to suffer horrible visions of murder -- only to find out the visions are the sights of a serial killer.",Hideaway
"Workaholic Thomas Johnson dies in an auto accident and comes back to life as a dog. Remembering some of who he was, he returns to his wife and son to protect them from the man who caused his accident. But, as time goes by, he remembers more of his life, and realizes he wasn't such a good husband and father.",Fluke
"Farinelli is a 1994 biopic film about the life and career of Italian opera singer Farinelli, considered one of the greatest castrato singers of all time.",Farinelli
A talking pig named Gordy becomes involved in a quest to save his family from the slaughterhouse.,Gordy
"The band is back together! Gumby reunites with The Clayboys to perform at a concert benefiting local farmers. But things take an unexpected turn when Gumby s dog, Lowbelly, reacts to the music by crying tears of real pearl! Fortune turns into disaster as Gumby s archenemies, the Blockheads, devise an elaborate scheme to dognap Lowbelly and harvest her pearls for themselves. When the Blockheads initial plan fails, they kidnap The Clayboys as well...and replace them with clones! The battle between Clayboys and clones is filled with trains and planes, knights and fights, thrills and spills. True to classic Gumby adventures, Gumby: The Movie takes viewers in and out of books, to Toyland, Camelot, outer space and beyond!",Gumby: The Movie
"J.J. is a rookie in the Sheriff's Department and the first black officer at that station. Racial tensions run high in the department as some of J.J.'s fellow officers resent his presence. His only real friend is the other new trooper, the first female officer to work there, who also suffers similar discrimination in the otherwise all-white-male work environment. When J.J. becomes increasingly aware of police corruption during the murder trial of Teddy Woods, whom he helped to arrest, he faces difficult decisions and puts himself into grave personal danger in the service of justice.",The Glass Shield
"This documentary follows two inner-city Chicago residents, Arthur Agee and William Gates, as they follow their dreams of becoming basketball superstars. Beginning at the start of their high school years, and ending almost 5 years later, as they start college, we watch the boys mature into men, still retaining their ""Hoop Dreams"".",Hoop Dreams
"Based on the true story of Juliet Hulme and Pauline Parker, two close friends who share a love of fantasy and literature, who conspire to kill Pauline's mother when she tries to end the girls' intense and obsessive relationship.",Heavenly Creatures
"In hot water with the mob over an unpaid debt, a con man poses as a family friend in an affluent Pennsylvania suburb.",Houseguest
"The life and death of the legendary Ludwig van Beethoven. Beside all the work he is known for, the composer once wrote a famous love letter to a nameless beloved and the movie tries to find out who this beloved was. Not easy as Beethoven has had many women in his life.",Immortal Beloved
"Camp Hope is a summer retreat for overweight boys run by a kindly couple who make the campers feel comfortable with their extra pounds. But when tyrannical fitness guru Tony buys the camp, he puts the kids on a cruel regimen that goes too far. Sick of the endless weeks of ""all work and no play,"" the kids stage a coup and reclaim their summer of fun.",Heavyweights
"In the wilderness of British Columbia, two hunters are tracked and viciously murdered by Aaron Hallum. Former Special Operations instructor, L.T. Bonham is approached and asked to apprehend Hallum, his former student, who has 'gone rogue' after suffering severe battle stress from his time in Kosovo.",The Hunted
Albert Einstein helps a young man who's in love with Einstein's niece to catch her attention by pretending temporarily to be a great physicist.,I.Q.
"A vampire relates his epic life story of love, betrayal, loneliness, and dark hunger to an over-curious reporter.",Interview with the Vampire
"His wife having recently died, Thomas Jefferson accepts the post of United States ambassador to pre-revolutionary France, though he finds it difficult to adjust to life in a country where the aristocracy subjugates an increasingly restless peasantry. In Paris, he becomes smitten with cultured artist Maria Cosway, but, when his daughter visits from Virginia accompanied by her attractive slave, Sally Hemings, Jefferson's attentions are diverted.",Jefferson in Paris
"When two unemployed telephone pranksters decide to use their vocal ""talents"" to impersonate a Chicago mob boss and curry favor with organized crime in New York, the trouble begins. It isn't long before Johnny and Kamal (the ""Jerky Boys"" of crank call fame) are wanted by the local mafia, the police, and their neighbor.",The Jerky Boys
Feature documentary exploring the world of junior hockey and its relentless competitiveness. Portrait larger than life where young people of barely 16 years old already play their future.,Junior
"Bobby Earl is facing the electric chair for the murder of a young girl. Eight years after the crime he calls in Paul Armstrong, a professor of law, to help prove his innocence. Armstrong quickly uncovers some overlooked evidence to present to the local police, but they aren't interested - Bobby was their killer.",Just Cause
"A Southern California kid named Calvin Fuller is magically transported to the medieval kingdom of Camelot through a crack in the ground caused by an earthquake. Once there, he learns he was summoned by the wizard Merlin, who needs Calvin to save Camelot. Using dazzling modern inventions, can Calvin help King Arthur retain his crown and thwart the evil Lord Belasco?",A Kid in King Arthur's Court
"Small-time crook Nick Bianco gets caught in a jewel heist and despite urgings from well-meaning district attorney D'Angelo, refuses to rat on his partners and goes to jail, assured that his wife and children will be taken care of. Learning that his depressed wife has killed herself, Nick informs on his ex-pals and is paroled. Nick remarries, gets a job and begins leading a happy life when he learns one of the men he informed on, psychopathic killer Tommy Udo, has been released from custody and is out for revenge against Nick and his family.",Kiss of Death
Princess Leia is captured and held hostage by the evil Imperial forces in their effort to take over the galactic Empire. Venturesome Luke Skywalker and dashing captain Han Solo team together with the loveable robot duo R2-D2 and C-3PO to rescue the beautiful princess and restore peace and justice in the Empire.,Star Wars
"Louisa May Alcott's autobiographical account of her life with her three sisters in Concord Mass in the 1860s. With their father fighting in the civil war, the sisters: Jo, Meg, Amy and Beth are at home with their mother - a very outspoken women for her time. The story is of how the sisters grow up, find love and find their place in the world.",Little Women
"Sara Crewe is the pampered darling of her father, an army colonel, and the Victorian London girls' school where he places her. But when her father dies, penniless, Sara becomes a skivvy in Miss Michin's school, befriended only by the scullery maid, Becky, her friends Ermengarde and Lottie, a little monkey, a lascar, and the mysterious man next door.",A Little Princess
"This Ken Loach docu-drama relates the story of a British woman's fight with Social Services over the care of her children. Maggie has a history of bouncing from one abusive relationship to another. She has four children, of four different fathers, who came to the attention of Social Services when they were injured in a fire. Subsequently, Maggie was found to be an ""unfit mother"" and her children were removed from her care. She finally meets the man of her dreams, a Paraguayan expatriate, and they start a family together. Unfortunately, Social Services seems unwilling to accept that her life has changed and rends them from their new children. She and Jorge together, and separately, fight Social Services, Immigration, and other government bureaucrats in a desperate battle to make their family whole again.",Ladybird Ladybird
Three sisters share a connection to a violent incident from their childhood reunite to for the chance to come to terms with their past.,L'Enfer
"Tita is passionately in love with Pedro, but her controlling mother forbids her from marrying him. When Pedro marries her sister, Tita throws herself into her cooking and discovers she can transfer her emotions through the food she prepares, infecting all who eat it with her intense heartbreak.",Como agua para chocolate
"An epic tale of three brothers and their father living in the remote wilderness of 1900s USA and how their lives are affected by nature, history, war, and love.",Legends of the Fall
"Major Benson Winifred Payne is being discharged from the Marines. Payne is a killin' machine, but the wars of the world are no longer fought on the battlefield. A career Marine, he has no idea what to do as a civilian, so his commander finds him a job - commanding officer of a local school's JROTC program, a bunch of ragtag losers with no hope.",Major Payne
"The film follows the personal relationship between a father and his two sons, one of whom is a hit-man for the Russian mafia in Brooklyn.",Little Odessa
"Mousie and Sad Girl are childhood best friends in a contemporary Los Angeles poor Hispanic neighborhood. But when Sad Girl becomes pregnant by Mousie's boyfriend, a drug dealer named Ernesto, the two become bitter enemies. While their dispute escalates towards violence, the violence of the world around them soon also impacts their lives.",Mi Vida Loca
"French playboy Michel Marnet and American Terry McKay fall in love during the transatlantic passage of a ship. They arrange to reunite six months later, if neither has changed their mind.",Love Affair
"Khaila Richards, a crack-addicted single mother, accidentally leaves her baby in a dumpster while high and returns the next day in a panic to find he is missing. In reality, the baby has been adopted by a warm-hearted social worker, Margaret Lewin, and her husband, Charles. Years later, Khaila has gone through rehab and holds a steady job. After learning that her child is still alive, she challenges Margaret for the custody.",Losing Isaiah
"Nicholas Hytner’s much awarded 1994 drama, based on Alan Bennett's West End play. George III's erratic behaviour leads to a plot in Parliament to have him declared insane and removed from the throne.",The Madness of King George
"After he is artificially created, then left for dead by a husband-and-wife team of eccentric scientists, Adam is confronted with nothing but aggression and violence from the world around him. This perfect creation-turned disfigured monster must come to grips with the horrific nature of humanity.",Frankenstein
Texas Ranger Roland Sharp is assigned to protect the only witnesses to the murder of a key figure in the prosecution of a drug kingpin -- a group of University of Texas cheerleaders. Sharp must now go undercover as an assistant cheerleading coach and move in with the young women.,Man of the House
The events focus around a crisis hotline business on one crazy night during the Christmas holidays.,Mixed Nuts
"Three young boys pool their money and pay V, a kindhearted prostitute, to strip for them. Afterward, she drives them home to the suburbs -- but then her car breaks down. It's just as well, though, because a mobster named Waltzer is after her, and V realizes the suburbs are the perfect place to hide. But things get a lot more complicated when V falls in love with Tom, a single father who is unaware of her real profession.",Milk Money
"Kris Kringle, seemingly the embodiment of Santa Claus, is asked to portray the jolly old fellow at Macy's following his performance in the Thanksgiving Day parade. His portrayal is so complete many begin to question if he truly is Santa Claus while others question his sanity.",Miracle on 34th Street
"Gwyn Marcus has always wanted a marriage like her parents. She has just accepted the proposal of her boyfriend Matt, but she has misgivings about their future together. Her fear of commitment grows as she learns of the various affairs that her family is having. With her sister getting married and her brother already married, her mother is growing concerned about Gwyn's being the last single person in the family. But the more she thinks about marriage, the more she must search for the balance between career, marriage and family.",Miami Rhapsody
"Traces over three generations an immigrant family's trials, tribulations, tragedies, and triumphs. Maria and Jose, the first generation, come to Los Angeles, meet, marry, face deportation all in the 1930's. They establish their family in East L.A., and their children Chucho, Paco, Memo, Irene, Toni, and Jimmy deal with youth culture and the L.A. police in the 50's. As the second generation become adults in the 60's, the focus shifts to Jimmy, his marriage to Isabel (a Salvadorian refugee), their son, and Jimmy's journey to becoming a responsible parent.",My Family
"Inspired by a true story. A petty criminal sent to Alcatraz in the 1930s is caught attempting to make an escape. As punishment he is put in solitary confinement. The maximum stay is supposed to be 19 days, but Henri spends years alone, cold and in complete darkness, only to emerge a madman and soon to be a murderer. The story follows a rookie lawyer attempting to prove that Alcatraz was to blame.",Murder in the First
"Cassie has a miserable job in a bar, is lonely and depressed. Her boyfriend left her when she told him that she's pregnant. After several failed suicide attempts she'd given away her baby for adoption - and regrets it now. When a theater group from L.A. comes to the small town Buckeye, she meets stage technician Riley. Discreetly he starts wooing her... she likes him very much, but still has feelings for her former boyfriend Billy too.",Nobody's Fool
"In a remote woodland cabin, a small town doctor discovers Nell - a beautiful young hermit woman with many secrets.",Nell
"New Jersey Drive is a 1995 film about black youths in Newark, New Jersey, the unofficial ""car theft capital of the world"". Their favorite pastime is that of everybody in their neighborhood: stealing cars and joyriding. The trouble starts when they steal a police car and the cops launch a violent offensive that involves beating and even shooting suspects.",New Jersey Drive
"Allegedly based on a true story, this film follows the life of Toshi, a Japanese man living in America and working with the New York City police. After being recommended for undercover work, Toshi decides to go after a gang lead by Hawk. Hawk and Toshi soon become friends, although Hawk's second-in-command, Tito, is suspicious of the newcomer. Will Toshi be able to bring the gang down, or will his cover be blown before he can finish the assignment?",New York Cop
An experiment gone awry places a neurologist (Elizabeth Hurley) and a homicide detective (Craig Fairbrass) in a psychopath's (Keith Allen) nightmarish world.,Beyond Bedlam
"It has been 73 years since Alex failed and the Humans lost the Cyborg Wars. Since then, the Humans have been enslaved. Scientists have developed a new DNA strain, which could signal the end of the Cyborgs, and they inject it into a volunteer. When the Cyborgs learn of the woman and the baby they list both for termination.",Nemesis 2 - Nebula
"Laura San Giacomo stars in this sexy comedy about adultery. When Nina's (San Giacomo) husband goes out of town for several weeks on a business trip, Nina hooks up with a photographer. Told from a reporter's point of view, his interviews with Nina and the photographer provide comic insights. Stars Laura San Giacomo, Paul Rhys, Michael O'Keefe, Fisher Stevens and more.",Nina Takes a Lover
Two victims of traumatized childhoods become lovers and psychopathic serial murderers irresponsibly glorified by the mass media.,Natural Born Killers
"A childhood incident has convinced Faith Corvatch that her true love is a guy named ""Damon Bradley,"" but she has yet to meet him. Preparing to settle down and marry a foot doctor, Faith impulsively flies to Venice when it seems that she may be able to finally encounter the man of her dreams. Instead, she meets the charming Peter Wright. But can they fall in love if she still believes that she is intended to be with someone else?",Only You
"A drama about a Maori family lving in Auckland, New Zealand. Lee Tamahori tells the story of Beth Heke’s strong will to keep her family together during times of unemployment and abuse from her violent and alcoholic husband.",Once Were Warriors
"A young and naive college art student becomes obsessed with assuming the identity and personality of a departed coed who used to live in her room, and in so doing causes complications that result in two men, a student and her art professor, lusting after her.",Poison Ivy II: Lily
"A deadly airborne virus finds its way into the USA and starts killing off people at an epidemic rate. Col Sam Daniels' job is to stop the virus spreading from a small town, which must be quarantined, and to prevent an over reaction by the White House.",Outbreak
"Leon, the top hit man in New York, has earned a rep as an effective ""cleaner"". But when his next-door neighbors are wiped out by a loose-cannon DEA agent, he becomes the unwilling custodian of 12-year-old Mathilda. Before long, Mathilda's thoughts turn to revenge, and she considers following in Leon's footsteps.",Léon
"In the midst of the Mariel boat lift -- a hurried exodus of refugees from Cuba going to America -- an immigration clerk accidentally presumes that dissident Juan Raul Perez and Dorita Evita Perez are married. United by their last name and a mutual resolve to emigrate, Dorita and Juan agree to play along. But it gets complicated when the two begin falling for each other just as Juan reunites with his wife, Carmela, whom he hasn't seen in decades.",The Perez Family
"A pastry boy and the son of a hair-piece mogul become involved in an arson scandal. Sergio is offered a bribe in exchange for taking the blame for the fire that destroys his workplace. Garet, the real arsonist, is apalled that someone else would try to take credit for his act of love. Before long, Sergio and Garet become entangled in a zany love-quadrangle involving Hattie and Stephanie. Written by Brian Whiting",A Pyromaniac's Love Story
"A burger-loving hit man, his philosophical partner, a drug-addled gangster's moll and a washed-up boxer converge in this sprawling, comedic crime caper. Their adventures unfurl in three stories that ingeniously trip back and forth in time.",Pulp Fiction
Panther is a semi-historic film about the origins of The Black Panther Party for Self-Defense. The movie spans about 3 years (1966-68) of the Black Panther's history in Oakland. Panther also uses historical footage (B/W) to emphasize some points.,Panther
"The story is about an elderly Chinese tai chi chuan teacher and grandfather who emigrates from Beijing to live with his son, American daughter-in-law, and grandson in a New York City suburb. The grandfather is increasingly distanced from the family as a ""fish out of water"" in Western culture.",Pushing Hands
"In an alternate world, humanity and vampires have warred for centuries. After the last Vampire War, the veteran Warrior Priest lives in obscurity with other humans inside one of the Church's walled cities. When the Priest's niece is kidnapped by vampires, the Priest breaks his vows to hunt them down. He is accompanied by the niece's boyfriend, who is a wasteland sheriff, and a former Warrior Priestess.",Priest
Quiz Show is a 1994 American historical drama film which tells the true story of the Twenty One quiz show scandal of the 1950s.,Quiz Show
"Riyo, an orphaned 17-year old, sails from Yokohama to Hawaii in 1918 to marry Matsuji, a man she has never met. Hoping to escape a troubled past and start anew, Riyo is bitterly disappointed upon her arrival: her husband is twice her age. The miserable girl finds solace with her new friend Kana, a young mother who helps Riyo accept her new life.",Picture Bride
"The night of August 24, 1572, is known as the Massacre of St. Bartholomew. In France a religious war is raging. In order to impose peace a forced wedding is arranged between Margot de Valois, sister of the immature Catholic King Charles IX, and the Hugenot King Henri of Navarre. Catherine of Medici maintains her behind-the-scenes power by ordering assaults, poisonings, and instigations to incest.",La Reine Margot
"In 1876 Wyoming, the gun is the only law. And for Duncan and Suzanna McKaskel (Tom Conti and Kate Capshaw), newly arrived settlers beset by outlaws, rugged frontiersman Con Vallian (Sam Elliot) is the only hope.From the book by famed Western author Louis L'Amor, the Quick and the Dead is a rousing adventure recalling all-time greats like Shane and Pale Rider. It shares tried-and-true ingredients of those sagebrush sagas: a tale of peacable folk driven to action under the guidance of a mysterious stranger, rich outdorr cinematography and a stellar cast led by the peerless Elliot.",The Quick and the Dead
,Roommates
